,size,method,run,time_seconds,gflops,cpus
0,10,numpy,0,8.716247975826263e-06,0.2294565282615664,16
1,10,numpy,1,8.205417543649673e-06,0.2437414049145905,16
2,10,numpy,2,2.8012320399284364e-06,0.7139715566194561,16
3,10,numpy,3,2.588983625173569e-06,0.7725039202849023,16
4,10,numpy,4,2.672988921403885e-06,0.7482260715654507,16
5,10,numpy,5,2.6627443730831145e-06,0.7511047700325277,16
6,10,numpy,6,2.5607645511627196e-06,0.7810167471632238,16
7,10,numpy,7,2.5146640837192535e-06,0.7953348572275101,16
8,10,numpy,8,2.538878470659256e-06,0.7877494031766993,16
9,10,numpy,9,2.660974860191345e-06,0.7516042447151057,16
10,50,numpy,0,1.1689960956573486e-05,21.3858712555768,16
11,50,numpy,1,1.2956187129020691e-05,19.2958003392852,16
12,50,numpy,2,1.1583603918552398e-05,21.582229654762095,16
13,50,numpy,3,1.0876357555389404e-05,22.985636388546375,16
14,50,numpy,4,1.0732188820838929e-05,23.294409385955777,16
15,50,numpy,5,1.080622896552086e-05,23.134805009006215,16
16,50,numpy,6,1.0714214295148849e-05,23.333488869379277,16
17,50,numpy,7,1.0748207569122314e-05,23.259692222376263,16
18,50,numpy,8,1.0626018047332764e-05,23.527157481419156,16
19,50,numpy,9,1.0666158050298691e-05,23.43861761855283,16
20,100,numpy,0,6.174584850668908e-05,32.39084162530109,16
21,100,numpy,1,5.565444007515907e-05,35.936036680974254,16
22,100,numpy,2,5.189543589949608e-05,38.539034605534944,16
23,100,numpy,3,5.2294041961431506e-05,38.24527470022422,16
24,100,numpy,4,5.312133580446243e-05,37.64965563670918,16
25,100,numpy,5,5.459841340780258e-05,36.631101073610736,16
26,100,numpy,6,5.4480135440826415e-05,36.710628265091216,16
27,100,numpy,7,5.666427314281464e-05,35.29560848613147,16
28,100,numpy,8,5.429787561297417e-05,36.83385357938592,16
29,100,numpy,9,5.873600021004677e-05,34.05066727131176,16
30,250,numpy,0,0.0002887514419853,108.22456776365972,16
31,250,numpy,1,0.0001991633325815,156.9063923310732,16
32,250,numpy,2,0.0001991434022784,156.9220955475554,16
33,250,numpy,3,0.0001896915957331,164.74108870884595,16
34,250,numpy,4,0.0001976463943719,158.11065058533265,16
35,250,numpy,5,0.0001991413533687,156.92371007508896,16
36,250,numpy,6,0.0001851490698754,168.7829164954329,16
37,250,numpy,7,0.0001985382288694,157.4004169270115,16
38,250,numpy,8,0.0002014116384088,155.15488701083535,16
39,250,numpy,9,0.000185533799231,168.43292235439628,16
40,500,numpy,0,0.0010074405930936,248.15359011125776,16
41,500,numpy,1,0.0008492459543049,294.3787941911514,16
42,500,numpy,2,0.0007767739705741,321.84394620640586,16
43,500,numpy,3,0.0007553139701485,330.9881848879709,16
44,500,numpy,4,0.0007825030013918,319.4875924505199,16
45,500,numpy,5,0.0007495951838791,333.51334877347534,16
46,500,numpy,6,0.0007754018530249,322.413467319832,16
47,500,numpy,7,0.0007514887489378,332.6729779432496,16
48,500,numpy,8,0.0007811523973941,320.0399830224761,16
49,500,numpy,9,0.0007474372163414,334.47625370286335,16
50,1000,numpy,0,0.0051827119663357,385.8983507073072,16
51,1000,numpy,1,0.0046275412663817,432.1949572939829,16
52,1000,numpy,2,0.0043835858814418,456.24747731466096,16
53,1000,numpy,3,0.00455271480605,439.2983275258573,16
54,1000,numpy,4,0.0043641673400998,458.2775691534914,16
55,1000,numpy,5,0.0046464486047625,430.4362686698017,16
56,1000,numpy,6,0.0043600977398455,458.70531335172853,16
57,1000,numpy,7,0.0045421028509736,440.3246834384865,16
58,1000,numpy,8,0.0043235632590949,462.581412632935,16
59,1000,numpy,9,0.00452845338732,441.6518905991453,16
60,2500,numpy,0,0.0499594793654978,625.5069187446607,16
61,2500,numpy,1,0.0466461018659174,669.938081639212,16
62,2500,numpy,2,0.0494010783731937,632.5772843241623,16
63,2500,numpy,3,0.0463191569782793,674.6668557602246,16
64,2500,numpy,4,0.042772748414427,730.6053774524231,16
65,2500,numpy,5,0.0386589503847062,808.3509688965252,16
66,2500,numpy,6,0.0316882005892694,986.1714902985756,16
67,2500,numpy,7,0.0279682268388569,1117.3393358131527,16
68,2500,numpy,8,0.027542196214199,1134.6226625126365,16
69,2500,numpy,9,0.0279848901554942,1116.6740275328457,16
70,5000,numpy,0,0.1948800028301775,1282.8407038656253,16
71,5000,numpy,1,0.2063524187542498,1211.5196008326473,16
72,5000,numpy,2,0.2081614630296826,1200.9907903287144,16
73,5000,numpy,3,0.2054699686355889,1216.7228216371966,16
74,5000,numpy,4,0.2096818094141781,1192.2827292384843,16
75,5000,numpy,5,0.2104436168447137,1187.9666570475024,16
76,5000,numpy,6,0.2097342619672417,1191.9845506169484,16
77,5000,numpy,7,0.2092418078333139,1194.789906418486,16
78,5000,numpy,8,0.2096836591139435,1192.2722116564564,16
79,5000,numpy,9,0.2116637804545462,1181.1184675201732,16
80,7500,numpy,0,0.7458100602030754,1131.3202181400673,16
81,7500,numpy,1,0.7482441428117454,1127.6399663208367,16
82,7500,numpy,2,0.7474760247394443,1128.7987468148092,16
83,7500,numpy,3,0.7423524599522352,1136.5894848038747,16
84,7500,numpy,4,0.7502208458259702,1124.6688287780876,16
85,7500,numpy,5,0.7495337238535285,1125.6998493170977,16
86,7500,numpy,6,0.7501490452326834,1124.7764765711102,16
87,7500,numpy,7,0.7495335654355586,1125.7000872398446,16
88,7500,numpy,8,0.7403390287421644,1139.68056153075,16
89,7500,numpy,9,0.7424238411709666,1136.4802060629136,16
90,10000,numpy,0,1.585609452612698,1261.3446499732247,16
91,10000,numpy,1,1.5925293903797866,1255.863792581586,16
92,10000,numpy,2,1.5899269013665616,1257.919466788678,16
93,10000,numpy,3,1.596501464676112,1252.739220258559,16
94,10000,numpy,4,1.5982766666449606,1251.3478058828955,16
95,10000,numpy,5,1.595088990777731,1253.8485385852002,16
96,10000,numpy,6,1.5957028351724147,1253.3662007211394,16
97,10000,numpy,7,1.596831851825118,1252.4800264436583,16
98,10000,numpy,8,1.5957557017914952,1253.3246773015912,16
99,10000,numpy,9,1.5950881344266237,1253.8492117358314,16
0,10,naive,0,0.0008392185904085,0.002383169323056,16
1,10,naive,1,0.0008297810330986,0.002410274422074,16
2,10,naive,2,0.0008319489657878,0.0024039936128845,16
3,10,naive,3,0.0006956735625863,0.0028749116073415,16
4,10,naive,4,0.0006859353743493,0.0029157265754038,16
5,10,naive,5,0.0006883357651531,0.0029055587421858,16
6,10,naive,6,0.0006919847801327,0.002890236978357,16
7,10,naive,7,0.0006935336627066,0.0028837821544158,16
8,10,naive,8,0.0006916159763932,0.0028917781952204,16
9,10,naive,9,0.0006920508109033,0.0028899612116478,16
10,50,naive,0,0.0852067579515278,0.0029340395763235,16
11,50,naive,1,0.0846607445739209,0.0029529624533565,16
12,50,naive,2,0.0843565966002643,0.0029636093687451,16
13,50,naive,3,0.0710209794342517,0.0035200866278032,16
14,50,naive,4,0.0574089625850319,0.0043547207394613,16
15,50,naive,5,0.0564735075458884,0.0044268544821101,16
16,50,naive,6,0.05622418820858,0.0044464848309156,16
17,50,naive,7,0.056334725394845,0.0044377601603233,16
18,50,naive,8,0.0563432994298636,0.0044370848446885,16
19,50,naive,9,0.0562453336082398,0.0044448131775926,16
20,100,naive,0,0.45034468062222,0.004441042796901,16
21,100,naive,1,0.4506467787548899,0.0044380656742424,16
22,100,naive,2,0.4500310730189085,0.0044441375716204,16
23,100,naive,3,0.4504580050706863,0.004439925536868,16
24,100,naive,4,0.4500358117744326,0.0044440907760523,16
25,100,naive,5,0.450368529651314,0.0044408076238107,16
26,100,naive,6,0.4501179579645395,0.0044432797328151,16
27,100,naive,7,0.4501661644317209,0.0044428039200252,16
28,100,naive,8,0.4500737252645194,0.00444371641296,16
29,100,naive,9,0.45046744113788,0.0044398325325089,16
30,250,naive,0,7.0209018971771,0.004450995108273,16
31,250,naive,1,6.997697589639574,0.0044657545713703,16
32,250,naive,2,7.005829950608313,0.0044605707275676,16
33,250,naive,3,7.010033028386533,0.0044578962571867,16
34,250,naive,4,7.012657901458442,0.0044562276442289,16
35,250,naive,5,7.0085107931867245,0.0044588645037658,16
36,250,naive,6,7.012026976794004,0.0044566286044563,16
37,250,naive,7,6.995083570387214,0.0044674233960967,16
38,250,naive,8,7.030795667599887,0.0044447316459515,16
39,250,naive,9,7.031774576753378,0.0044441128848627,16
40,500,naive,0,52.337314451765266,0.0047767066885023,16
41,500,naive,1,52.37763766124844,0.0047730293148551,16
42,500,naive,2,51.93967955680564,0.004813275748584,16
43,500,naive,3,51.84268076503649,0.0048222814929856,16
44,500,naive,4,52.03750948999077,0.0048042268442552,16
45,500,naive,5,52.337314451765266,0.0047767066885023,16
46,500,naive,6,52.37763766124844,0.0047730293148551,16
47,500,naive,7,51.93967955680564,0.004813275748584,16
48,500,naive,8,51.84268076503649,0.0048222814929856,16
49,500,naive,9,52.03750948999077,0.0048042268442552,16
0,10,numba,0,0.0181322341784834,0.0001103008035476,16
1,10,numba,1,0.0181873054243624,0.0001099668121986,16
2,10,numba,2,0.0176184529438614,0.0001135173449321,16
3,10,numba,3,0.009610017761588,0.0002081161606166,16
4,10,numba,4,3.928560763597488e-05,0.0509092291134259,16
5,10,numba,5,3.800345584750176e-05,0.0526267928902438,16
6,10,numba,6,3.6808941513299945e-05,0.0543346240825032,16
7,10,numba,7,4.221322014927864e-05,0.0473785224848376,16
8,10,numba,8,3.812555223703384e-05,0.0524582565405379,16
9,10,numba,9,3.735404461622238e-05,0.0535417254154969,16
10,50,numba,0,6.540063768625259e-05,3.8225926970212214,16
11,50,numba,1,5.768425762653351e-05,4.333938067099357,16
12,50,numba,2,5.807895213365555e-05,4.304485374059119,16
13,50,numba,3,5.991635844111442e-05,4.17248321667778,16
14,50,numba,4,5.747973918914795e-05,4.349358635350236,16
15,50,numba,5,5.770819261670112e-05,4.332140527437838,16
16,50,numba,6,5.652196705341339e-05,4.423059087164278,16
17,50,numba,7,5.620336160063744e-05,4.448132511653264,16
18,50,numba,8,5.8984849601984024e-05,4.238376493064601,16
19,50,numba,9,5.6694168597459794e-05,4.409624590759082,16
20,100,numba,0,0.0001337207853794,14.956537940794645,16
21,100,numba,1,0.0001333659514784,14.996331356153537,16
22,100,numba,2,0.0001206642016768,16.574924229443464,16
23,100,numba,3,0.0001215300522744,16.45683485335105,16
24,100,numba,4,0.0001192315481603,16.774083964009844,16
25,100,numba,5,0.0001169711351394,17.098235369053988,16
26,100,numba,6,0.0001182537525892,16.91278252240616,16
27,100,numba,7,0.0001195382326841,16.731048762321468,16
28,100,numba,8,0.0001187545247375,16.841463551972094,16
29,100,numba,9,0.0001214115880429,16.472892186305035,16
30,250,numba,0,0.0014802354387938,21.1115064408015,16
31,250,numba,1,0.0012417122721672,25.166860874668036,16
32,250,numba,2,0.0012724738568067,24.558461325422577,16
33,250,numba,3,0.001246184669435,25.0765402323298,16
34,250,numba,4,0.0012889468111097,24.24460011122864,16
35,250,numba,5,0.0012485427781939,25.029178451701856,16
36,250,numba,6,0.0012831116095185,24.35485718325484,16
37,250,numba,7,0.0012569648213684,24.86147541184022,16
38,250,numba,8,0.001269454229623,24.61687808096761,16
39,250,numba,9,0.0012405877932906,25.18967232227111,16
40,500,numba,0,0.0101868031546473,24.541555992072624,16
41,500,numba,1,0.0099735535681247,25.06629139677895,16
42,500,numba,2,0.0101002549752593,24.751850385200967,16
43,500,numba,3,0.0106803024187684,23.407576882905214,16
44,500,numba,4,0.0105046010576188,23.799095142092817,16
45,500,numba,5,0.0102271889336407,24.444644723210754,16
46,500,numba,6,0.0100871765986084,24.783942023428736,16
47,500,numba,7,0.0100169147364795,24.957784565096873,16
48,500,numba,8,0.0096913181245327,25.79628454948223,16
49,500,numba,9,0.0093543985858559,26.72539529991859,16
50,1000,numba,0,0.0896368145942688,22.312260972824397,16
51,1000,numba,1,0.096161014586687,20.79844944020472,16
52,1000,numba,2,0.0927102367393672,21.572590798387495,16
53,1000,numba,3,0.0772218793630599,25.899395566338985,16
54,1000,numba,4,0.0642029964365065,31.15119404088714,16
55,1000,numba,5,0.0504271700046956,39.661158851741334,16
56,1000,numba,6,0.060425776336342,33.098457665940366,16
57,1000,numba,7,0.0566899420693516,35.279626808460996,16
58,1000,numba,8,0.0504282600246369,39.66030156548907,16
59,1000,numba,9,0.0461329005658626,43.35300784186886,16
60,2500,numba,0,0.6519044454209506,47.93647323546185,16
61,2500,numba,1,0.6654233699664474,46.962582636037745,16
62,2500,numba,2,0.6453992448747158,48.41964140516808,16
63,2500,numba,3,0.6680410821922124,46.7785602308341,16
64,2500,numba,4,0.647664638608694,48.25027975455152,16
65,2500,numba,5,0.6463070856407285,48.351628342461595,16
66,2500,numba,6,0.6493323155678808,48.126358800839846,16
67,2500,numba,7,0.6492250987328589,48.13430666958649,16
68,2500,numba,8,0.6490432601422071,48.14779217205497,16
69,2500,numba,9,0.6580352329649031,47.489858345725914,16
70,5000,numba,0,9.315998213179409,26.83555688603753,16
71,5000,numba,1,9.33824514662847,26.77162529731417,16
72,5000,numba,2,9.189223986398428,27.20577933131692,16
73,5000,numba,3,9.21411838242784,27.132275669126702,16
74,5000,numba,4,9.444623327162116,26.47008687800353,16
75,5000,numba,5,9.20720731196925,27.15264156971932,16
76,5000,numba,6,9.279403009824454,26.941388334499056,16
77,5000,numba,7,9.189388426858931,27.205292494688216,16
78,5000,numba,8,9.28833107529208,26.915491919213107,16
79,5000,numba,9,9.233626569528132,27.074952416315423,16
80,7500,numba,0,40.18005762519315,20.999223243297777,16
81,7500,numba,1,40.61746598193422,20.77308319468482,16
82,7500,numba,2,40.21020850278437,20.98347736599213,16
83,7500,numba,3,40.063276442792265,21.060434265899836,16
84,7500,numba,4,40.16129713896662,21.00903257881452,16
85,7500,numba,5,40.600716959219426,20.7816527192731,16
86,7500,numba,6,39.85335985599086,21.171364297737252,16
87,7500,numba,7,39.5352002508007,21.34174089539136,16
88,7500,numba,8,40.18944893497974,20.99431622874591,16
89,7500,numba,9,41.08088983399794,20.53874693098115,16
90,10000,numba,0,85.70639838483184,23.33548063727709,16
91,10000,numba,1,84.68175049237907,23.617839597918913,16
92,10000,numba,2,85.9708879718557,23.26368899033287,16
93,10000,numba,3,85.80881738457829,23.307628061535823,16
94,10000,numba,4,84.64465764146298,23.628189371047853,16
95,10000,numba,5,86.88513127658516,23.018898292658548,16
96,10000,numba,6,84.96695227567106,23.538563481847618,16
97,10000,numba,7,83.9276754507795,23.830041631177146,16
98,10000,numba,8,83.84852263620124,23.852537136253712,16
99,10000,numba,9,79.94034800445661,25.01865515882545,16
0,10,numpy,0,1.9189901649951935e-06,1.0422148255277843,8
1,10,numpy,1,1.8067937344312668e-06,1.106933216496652,8
2,10,numpy,2,1.7852522432804109e-06,1.1202898680160676,8
3,10,numpy,3,1.777028664946556e-06,1.1254742478001332,8
4,10,numpy,4,1.898151822388172e-06,1.0536564970254525,8
5,10,numpy,5,1.7807399854063988e-06,1.1231285961962392,8
6,10,numpy,6,1.7787283286452291e-06,1.1243988009812058,8
7,10,numpy,7,1.779128797352314e-06,1.1241457071440724,8
8,10,numpy,8,1.7853500321507457e-06,1.1202285064462534,8
9,10,numpy,9,1.877918839454651e-06,1.0650087522317,8
10,50,numpy,0,8.809403516352176e-06,28.378765887604693,8
11,50,numpy,1,8.665728382766246e-06,28.84927717065092,8
12,50,numpy,2,8.521461859345436e-06,29.337689251736368,8
13,50,numpy,3,8.641486056149006e-06,28.93020926905367,8
14,50,numpy,4,8.607520721852779e-06,29.044368068182493,8
15,50,numpy,5,8.563939481973647e-06,29.192172659116565,8
16,50,numpy,6,8.673849515616894e-06,28.822266232528676,8
17,50,numpy,7,8.588479831814765e-06,29.10876021084798,8
18,50,numpy,8,8.584484457969666e-06,29.122307952681417,8
19,50,numpy,9,8.565238676965236e-06,29.187744723603885,8
20,100,numpy,0,4.565791692584753e-05,43.80401329408382,8
21,100,numpy,1,4.553569015115499e-05,43.92159190650305,8
22,100,numpy,2,4.580650012940169e-05,43.66192558589007,8
23,100,numpy,3,4.5603211037814614e-05,43.856560853611406,8
24,100,numpy,4,4.565421026200056e-05,43.80756974049912,8
25,100,numpy,5,4.573617130517959e-05,43.729064828246806,8
26,100,numpy,6,4.552928265184164e-05,43.927773149729184,8
27,100,numpy,7,4.5637679286301135e-05,43.8234378100889,8
28,100,numpy,8,4.5610330998897554e-05,43.849714663292886,8
29,100,numpy,9,4.545141942799091e-05,44.00302620182452,8
30,250,numpy,0,0.000632775160484,49.38563008082771,8
31,250,numpy,1,0.0006303411023691,49.57633237392777,8
32,250,numpy,2,0.0006287884991616,49.69874614702301,8
33,250,numpy,3,0.0006304893782362,49.56467321847749,8
34,250,numpy,4,0.000628076759167,49.7550650360717,8
35,250,numpy,5,0.0006299270316958,49.60892044253296,8
36,250,numpy,6,0.0006276236241683,49.79098745909915,8
37,250,numpy,7,0.0006268296297639,49.854056853961275,8
38,250,numpy,8,0.0006167511595413,50.668733275250425,8
39,250,numpy,9,0.0006028047297149,51.84100001135562,8
40,500,numpy,0,0.0039716209098696,62.94659175016876,8
41,500,numpy,1,0.0030308927502483,82.4839479983309,8
42,500,numpy,2,0.0024615906691178,101.56034597319533,8
43,500,numpy,3,0.0023489619325846,106.42999213057335,8
44,500,numpy,4,0.0023621788714081,105.83449163228435,8
45,500,numpy,5,0.0023504870804026,106.36093347816715,8
46,500,numpy,6,0.0023494205903261,106.4092146929258,8
47,500,numpy,7,0.0023511806782335,106.32955702401854,8
48,500,numpy,8,0.0023517673788592,106.30303075352128,8
49,500,numpy,9,0.0023525174800306,106.26913598820198,8
50,1000,numpy,0,0.0183894531894475,108.75799184435056,8
51,1000,numpy,1,0.0183553673420101,108.95995502212462,8
52,1000,numpy,2,0.0183620868111029,108.92008193701972,8
53,1000,numpy,3,0.0183831347292289,108.79537301220066,8
54,1000,numpy,4,0.0184328325977548,108.50204326401784,8
55,1000,numpy,5,0.0184694010904058,108.28721463193088,8
56,1000,numpy,6,0.0183961944561451,108.7181375891528,8
57,1000,numpy,7,0.0183924156799912,108.7404740517996,8
58,1000,numpy,8,0.0183943352708593,108.72912614398427,8
59,1000,numpy,9,0.0184021981758996,108.682668281406,8
60,2500,numpy,0,0.2870217405632138,108.87676988746252,8
61,2500,numpy,1,0.2870359111111611,108.87139479874256,8
62,2500,numpy,2,0.2872008730797097,108.80886142475924,8
63,2500,numpy,3,0.2872069036914035,108.80657671647518,8
64,2500,numpy,4,0.287205374231562,108.80715614605596,8
65,2500,numpy,5,0.2871293303882703,108.8359728270958,8
66,2500,numpy,6,0.287208891371265,108.80582370134287,8
67,2500,numpy,7,0.2872375855408609,108.79495432729342,8
68,2500,numpy,8,0.2872027158970013,108.80816325987357,8
69,2500,numpy,9,0.2870931938663125,108.84967204952912,8
70,5000,numpy,0,2.271422400707379,110.06319208710084,8
71,5000,numpy,1,2.2879093874106182,109.27006173218332,8
72,5000,numpy,2,2.2948724481184035,108.9385164761459,8
73,5000,numpy,3,2.291169996308162,109.11455736712388,8
74,5000,numpy,4,2.273535915678367,109.96087560174134,8
75,5000,numpy,5,2.2734978099400176,109.9627186386407,8
76,5000,numpy,6,2.272542657488957,110.00893610342048,8
77,5000,numpy,7,2.272492492957972,110.01136451482375,8
78,5000,numpy,8,2.307511719223112,108.34181162216132,8
79,5000,numpy,9,2.3127535863686353,108.09625438416764,8
80,7500,numpy,0,7.72377148874104,109.2406735789551,8
81,7500,numpy,1,7.68985678830184,109.72245949801705,8
82,7500,numpy,2,7.681295221480541,109.8447560823434,8
83,7500,numpy,3,7.68961607599631,109.72589420085956,8
84,7500,numpy,4,7.669673877740279,110.01119649282852,8
85,7500,numpy,5,7.659077323987149,110.1634001471031,8
86,7500,numpy,6,7.698066640519537,109.6054424313292,8
87,7500,numpy,7,7.669967422662303,110.00698614533724,8
88,7500,numpy,8,7.673592429999262,109.95501881249656,8
89,7500,numpy,9,7.736969457250089,109.05432736448849,8
90,10000,numpy,0,18.199223556257785,109.89479819386592,8
91,10000,numpy,1,18.29275462582242,109.33290479809747,8
92,10000,numpy,2,18.325346195977183,109.13845657328122,8
93,10000,numpy,3,18.31067435786128,109.22590620707228,8
94,10000,numpy,4,18.305537481238133,109.25655704181628,8
95,10000,numpy,5,18.34877125287894,108.99912437930676,8
96,10000,numpy,6,18.301671550739556,109.27963571279268,8
97,10000,numpy,7,18.268489399040117,109.47812686171449,8
98,10000,numpy,8,18.286739896168,109.3688657112196,8
99,10000,numpy,9,18.29829356107861,109.2998094780871,8
0,10,gpu,0,0.0646562208421528,3.0932831736062335e-05,8
1,10,gpu,1,0.0001384257338941,0.0144481805784025,8
2,10,gpu,2,0.0001367045566439,0.0146300902405825,8
3,10,gpu,3,0.0001334581524133,0.0149859709866601,8
4,10,gpu,4,0.00013557234779,0.0147522708915385,8
5,10,gpu,5,0.0001356526277959,0.0147435404127124,8
6,10,gpu,6,0.0001311599276959,0.0152485597936263,8
7,10,gpu,7,0.00013396916911,0.0149288079733997,8
8,10,gpu,8,0.0001319395378232,0.0151584584348022,8
9,10,gpu,9,0.0001306210644543,0.0153114660974109,8
10,50,gpu,0,0.000171929039061,1.454088275984603,8
11,50,gpu,1,0.0001431427896022,1.746507810100821,8
12,50,gpu,2,0.0001407924108207,1.7756638908494609,8
13,50,gpu,3,0.0001394217833876,1.7931200844338455,8
14,50,gpu,4,0.0001390210352838,1.7982890106496363,8
15,50,gpu,5,0.0001400087960064,1.785602098803126,8
16,50,gpu,6,0.0001411469653248,1.7712035071003738,8
17,50,gpu,7,0.0001378646120429,1.8133732528997304,8
18,50,gpu,8,0.0001448078081011,1.7264262423289012,8
19,50,gpu,9,0.0001414394006133,1.767541427041919,8
20,100,gpu,0,0.0001660180278122,12.046884464028766,8
21,100,gpu,1,0.0001510156318545,13.24366209934148,8
22,100,gpu,2,0.0001600006595253,12.499948474790948,8
23,100,gpu,3,0.0001530193723738,13.070240512515571,8
24,100,gpu,4,0.0001508931629359,13.254411008990848,8
25,100,gpu,5,0.0001515085808932,13.200572457402858,8
26,100,gpu,6,0.0001483066007494,13.485576433501002,8
27,100,gpu,7,0.0001488756388425,13.43403135361017,8
28,100,gpu,8,0.0001487553119659,13.444898024602317,8
29,100,gpu,9,0.0001497812569141,13.352805559286288,8
30,250,gpu,0,0.0019759848713874,15.81489840965084,8
31,250,gpu,1,0.0002091776579618,149.3945400502576,8
32,250,gpu,2,0.0002061820589005,151.56507877858746,8
33,250,gpu,3,0.0002057769335806,151.8634739872542,8
34,250,gpu,4,0.0002022566273808,154.5066799771977,8
35,250,gpu,5,0.000204799324274,152.58839408171656,8
36,250,gpu,6,0.0002046510577201,152.6989420339452,8
37,250,gpu,7,0.0002019218169152,154.76287048819736,8
38,250,gpu,8,0.0002349604852497,133.00108725423317,8
39,250,gpu,9,0.0001936102285981,161.4067615449517,8
40,500,gpu,0,0.0007965863682329,313.8391641757122,8
41,500,gpu,1,0.0003846676088869,649.9117529634991,8
42,500,gpu,2,0.0003760212101042,664.8561125865853,8
43,500,gpu,3,0.0003712319768965,673.433366624244,8
44,500,gpu,4,0.0003756684251129,665.4804697116227,8
45,500,gpu,5,0.0003775460645556,662.1708540234393,8
46,500,gpu,6,0.0003734282217919,669.472700269724,8
47,500,gpu,7,0.0003768386319279,663.4139358827405,8
48,500,gpu,8,0.0003782272338867,660.9783156833081,8
49,500,gpu,9,0.0003750652074813,666.550762409516,8
50,1000,gpu,0,0.002813234180212,710.925529793353,8
51,1000,gpu,1,0.0015692396089434,1274.5026244567966,8
52,1000,gpu,2,0.0015667487867176,1276.5288328003178,8
53,1000,gpu,3,0.0015786352567374,1266.9170990982136,8
54,1000,gpu,4,0.0015821579843759,1264.096265828254,8
55,1000,gpu,5,0.0018125877715647,1103.3948432044722,8
56,1000,gpu,6,0.00157858915627,1266.954097623288,8
57,1000,gpu,7,0.0015680653974413,1275.4570078922732,8
58,1000,gpu,8,0.0015723875723779,1271.9510349318025,8
59,1000,gpu,9,0.0015834866091609,1263.0356255805743,8
60,2500,gpu,0,0.0190887072123587,1637.0935785409097,8
61,2500,gpu,1,0.0099928636103868,3127.231714392451,8
62,2500,gpu,2,0.0094333016313612,3312.731980933229,8
63,2500,gpu,3,0.0099899964407086,3128.1292426349746,8
64,2500,gpu,4,0.0094028140418231,3323.473149740268,8
65,2500,gpu,5,0.0099505617283284,3140.526218839858,8
66,2500,gpu,6,0.0093716971576213,3334.508091161101,8
67,2500,gpu,7,0.0099151025526225,3151.757617649082,8
68,2500,gpu,8,0.0094087509438395,3321.376045187079,8
69,2500,gpu,9,0.0099690546281635,3134.70044709311,8
70,5000,gpu,0,0.0746679500676691,3348.1567362360033,8
71,5000,gpu,1,0.0504759982228279,4952.849053056207,8
72,5000,gpu,2,0.0503144326619803,4968.753233878955,8
73,5000,gpu,3,0.0503570149652659,4964.5516155482765,8
74,5000,gpu,4,0.0503479517996311,4965.445287524718,8
75,5000,gpu,5,0.0503287614323198,4967.33861285639,8
76,5000,gpu,6,0.0502484898082912,4975.273902833773,8
77,5000,gpu,7,0.0502898179925978,4971.1852215650815,8
78,5000,gpu,8,0.0502924327738583,4970.92676196703,8
79,5000,gpu,9,0.0502469928003847,4975.4221310948915,8
80,7500,gpu,0,0.2362803029827773,3570.9705352015803,8
81,7500,gpu,1,0.1271416360512375,6636.2996906849,8
82,7500,gpu,2,0.1269664586521685,6645.455886199826,8
83,7500,gpu,3,0.1273334003984928,6626.305410516526,8
84,7500,gpu,4,0.1269289753399789,6647.418351404932,8
85,7500,gpu,5,0.1273692959919571,6624.437965436185,8
86,7500,gpu,6,0.1269465302117169,6646.499109450442,8
87,7500,gpu,7,0.1273259736597538,6626.691913267491,8
88,7500,gpu,8,0.126663262117654,6661.363254771249,8
89,7500,gpu,9,0.1272101644426584,6632.724701651737,8
90,10000,gpu,0,0.3353614757768809,5963.714214242717,8
91,10000,gpu,1,0.249459289945662,8017.340225876719,8
92,10000,gpu,2,0.2491152346134185,8028.413047895828,8
93,10000,gpu,3,0.2498804152011871,8003.828544905101,8
94,10000,gpu,4,0.2490726290270686,8029.786363168169,8
95,10000,gpu,5,0.2492421669885516,8024.324391674325,8
96,10000,gpu,6,0.249835642799735,8005.262890384193,8
97,10000,gpu,7,0.2488453376106917,8037.120643702463,8
98,10000,gpu,8,0.2488213716074824,8037.894763939389,8
99,10000,gpu,9,0.2495137405581772,8015.590626495678,8
0,10,naive,0,0.0009322058409452,0.0021454489042592,8
1,10,naive,1,0.0009323421865701,0.0021451351540333,8
2,10,naive,2,0.0009264010004699,0.0021588923144356,8
3,10,naive,3,0.0009343840181827,0.0021404475687519,8
4,10,naive,4,0.0009281141683459,0.0021549073036611,8
5,10,naive,5,0.0009238181635737,0.0021649282065023,8
6,10,naive,6,0.000932125840336,0.0021456330395034,8
7,10,naive,7,0.0009324563667178,0.0021448724802425,8
8,10,naive,8,0.0009289558045566,0.0021529549524205,8
9,10,naive,9,0.000927741639316,0.0021557725936224,8
10,50,naive,0,0.1134624930098652,0.0022033712936156,8
11,50,naive,1,0.0959619806148111,0.0026051984171053,8
12,50,naive,2,0.0707534035667777,0.003533398923545,8
13,50,naive,3,0.0574154869653284,0.0043542258929366,8
14,50,naive,4,0.0563984121195971,0.0044327489126795,8
15,50,naive,5,0.0565596342086791,0.0044201134518942,8
16,50,naive,6,0.0562392139807343,0.0044452968365745,8
17,50,naive,7,0.0565106184221804,0.0044239473391053,8
18,50,naive,8,0.0564988284371793,0.0044248705135182,8
19,50,naive,9,0.0573588769882917,0.0043585232683518,8
20,100,naive,0,0.4499328258447349,0.0044451079919431,8
21,100,naive,1,0.4462650021538138,0.0044816420520259,8
22,100,naive,2,0.4454265078529715,0.0044900785308901,8
23,100,naive,3,0.4452827643603086,0.0044915279909232,8
24,100,naive,4,0.4448798478581011,0.0044955958549912,8
25,100,naive,5,0.445149893220514,0.0044928686504463,8
26,100,naive,6,0.4441998178139329,0.0045024782086645,8
27,100,naive,7,0.4451086557470262,0.0044932848961191,8
28,100,naive,8,0.4447566144168376,0.0044968414975062,8
29,100,naive,9,0.4461025448516011,0.004483274133003,8
30,250,naive,0,6.958616395574063,0.0044908352786735,8
31,250,naive,1,6.95617951862514,0.0044924085004316,8
32,250,naive,2,6.963529351446778,0.0044876668744861,8
33,250,naive,3,6.777589959371835,0.0046107835067225,8
34,250,naive,4,6.435983298718929,0.0048555129107032,8
35,250,naive,5,6.434474476613104,0.004856651481575,8
36,250,naive,6,6.434427217114717,0.0048566871526464,8
37,250,naive,7,6.433430179767311,0.004857439830198,8
38,250,naive,8,6.433598001487553,0.0048573131228862,8
39,250,naive,9,6.440238446369767,0.0048523048114181,8
40,500,naive,0,52.85029328437522,0.0047303427183423,8
41,500,naive,1,51.97599675701931,0.004809912567309,8
42,500,naive,2,51.842534561827776,0.0048222950924949,8
43,500,naive,3,52.07186450697482,0.0048010571998341,8
44,500,naive,4,52.147192211821675,0.0047941219727516,8
45,500,naive,5,52.377739920001474,0.0047730199963158,8
46,500,naive,6,52.63678122432903,0.0047495305409071,8
47,500,naive,7,52.12063661003485,0.0047965645905381,8
48,500,naive,8,52.11362298261374,0.0047972101284035,8
49,500,naive,9,52.91691083479672,0.0047243876495452,8
0,10,numba,0,1.7609260976314544e-05,0.1135766005563841,8
1,10,numba,1,1.7891637980937958e-05,0.1117840637134974,8
2,10,numba,2,1.4946237206459043e-05,0.1338129438448692,8
3,10,numba,3,1.4192797243595125e-05,0.1409165484205415,8
4,10,numba,4,1.4162622392177582e-05,0.14121678490169,8
5,10,numba,5,1.4256779104471209e-05,0.1402841402917409,8
6,10,numba,6,1.4066416770219804e-05,0.1421826206823493,8
7,10,numba,7,1.4092400670051577e-05,0.1419204610219673,8
8,10,numba,8,1.4120619744062423e-05,0.1416368428758928,8
9,10,numba,9,1.4088395982980727e-05,0.1419608025225916,8
10,50,numba,0,2.7281418442726136e-05,9.16374639848156,8
11,50,numba,1,2.985820174217224e-05,8.372908796007486,8
12,50,numba,2,2.8517376631498336e-05,8.766584781991032,8
13,50,numba,3,2.910066395998001e-05,8.59086927857751,8
14,50,numba,4,2.7762167155742647e-05,9.005060685555563,8
15,50,numba,5,2.8168968856334687e-05,8.875014249723932,8
16,50,numba,6,2.733338624238968e-05,9.146323758901495,8
17,50,numba,7,2.7539767324924468e-05,9.07778185089244,8
18,50,numba,8,2.8872210532426833e-05,8.658845145203589,8
19,50,numba,9,2.7189217507839204e-05,9.194821437134774,8
20,100,numba,0,0.0003239545971155,6.173704641971277,8
21,100,numba,1,9.423904120922088e-05,21.222626783307177,8
22,100,numba,2,9.264200925827028e-05,21.58847822939956,8
23,100,numba,3,9.468775242567062e-05,21.12205590231946,8
24,100,numba,4,9.34918411076069e-05,21.392241037354772,8
25,100,numba,5,9.494815021753311e-05,21.064128110109092,8
26,100,numba,6,9.25377942621708e-05,21.612790924470897,8
27,100,numba,7,9.239362552762032e-05,21.646514990388773,8
28,100,numba,8,9.405678138136863e-05,21.26375122162295,8
29,100,numba,9,9.258799254894256e-05,21.60107315149735,8
30,250,numba,0,0.0013968023471534,22.372528270506617,8
31,250,numba,1,0.0013743383809924,22.738213843256208,8
32,250,numba,2,0.0013505575247108,23.13859234295815,8
33,250,numba,3,0.0013367477804422,23.37763372957427,8
34,250,numba,4,0.0013485858216881,23.17242217546147,8
35,250,numba,5,0.0013383968733251,23.34882920218021,8
36,250,numba,6,0.001349838450551,23.150918531949568,8
37,250,numba,7,0.0013340603560209,23.424727268868622,8
38,250,numba,8,0.0013503392226994,23.14233303356878,8
39,250,numba,9,0.001343235746026,23.26471737552628,8
40,500,numba,0,0.0108110613189637,23.12446415982056,8
41,500,numba,1,0.0107562322169542,23.24233941379064,8
42,500,numba,2,0.0107208638451993,23.31901641600891,8
43,500,numba,3,0.0106550382450222,23.463078616052105,8
44,500,numba,4,0.010750200971961,23.25537919263622,8
45,500,numba,5,0.0107116545550525,23.339064820950465,8
46,500,numba,6,0.0107802753336727,23.190502307405055,8
47,500,numba,7,0.0107192328199744,23.322564608741892,8
48,500,numba,8,0.0116800362244248,21.404043206408016,8
49,500,numba,9,0.0110607446171343,22.602456584407708,8
50,1000,numba,0,0.1062284284271299,18.82735186440181,8
51,1000,numba,1,0.0981673483736813,20.373372950717293,8
52,1000,numba,2,0.0980085617862641,20.406380458490705,8
53,1000,numba,3,0.0944273952394723,21.180294075971325,8
54,1000,numba,4,0.0797720265574753,25.071445296165447,8
55,1000,numba,5,0.0800233770161867,24.99269681652463,8
56,1000,numba,6,0.08063171999529,24.804134156096712,8
57,1000,numba,7,0.0808280067518353,24.74389856155381,8
58,1000,numba,8,0.0803904588334262,24.878574261457043,8
59,1000,numba,9,0.080394865013659,24.877210747977525,8
60,2500,numba,0,1.2576432337984442,24.848064347800776,8
61,2500,numba,1,1.2547914729453624,24.904536469830415,8
62,2500,numba,2,1.247936658654362,25.041335057579424,8
63,2500,numba,3,1.248101647850126,25.038024790551795,8
64,2500,numba,4,1.235530308075249,25.292783022605335,8
65,2500,numba,5,1.2496526301838458,25.00694932751238,8
66,2500,numba,6,1.2533799688331784,24.932582917446716,8
67,2500,numba,7,1.249815474357456,25.00369105772672,8
68,2500,numba,8,1.2481222559697926,25.03761138023992,8
69,2500,numba,9,1.2348058378323912,25.30762249622744,8
70,5000,numba,0,18.392045690398664,13.592832695631534,8
71,5000,numba,1,18.102837822865695,13.80998948597026,8
72,5000,numba,2,17.90474975677207,13.962775430884932,8
73,5000,numba,3,18.276319485157728,13.67890292151141,8
74,5000,numba,4,18.08085533361882,13.826779507226076,8
75,5000,numba,5,18.1035308400169,13.80946082890019,8
76,5000,numba,6,17.974223471432925,13.908806708525344,8
77,5000,numba,7,18.04615618493408,13.853365638534909,8
78,5000,numba,8,18.054622618574648,13.846869318819175,8
79,5000,numba,9,18.052311565261338,13.848641992257845,8
80,7500,numba,0,71.17492368100211,11.854596483750251,8
81,7500,numba,1,71.25074224118143,11.84198190025774,8
82,7500,numba,2,70.9098919082433,11.898904049829946,8
83,7500,numba,3,71.40445997426286,11.816488778209688,8
84,7500,numba,4,70.8586669289507,11.907505977300136,8
85,7500,numba,5,71.17492368100211,11.854596483750251,8
86,7500,numba,6,71.25074224118143,11.84198190025774,8
87,7500,numba,7,70.9098919082433,11.898904049829946,8
88,7500,numba,8,71.40445997426286,11.816488778209688,8
89,7500,numba,9,70.8586669289507,11.907505977300136,8
90,10000,numba,0,162.7663179885596,12.28755448126912,8
91,10000,numba,1,166.13907648520544,12.03810712272798,8
92,10000,numba,2,165.44538482045755,12.088581389988082,8
93,10000,numba,3,165.1909722166136,12.107199159633348,8
94,10000,numba,4,165.93832571879028,12.052670721707342,8
95,10000,numba,5,162.7663179885596,12.28755448126912,8
96,10000,numba,6,166.13907648520544,12.03810712272798,8
97,10000,numba,7,165.44538482045755,12.088581389988082,8
98,10000,numba,8,165.1909722166136,12.107199159633348,8
99,10000,numba,9,165.93832571879028,12.052670721707342,8
